median,q99.0,max,min
92.480644,"[45.681360015869146, 135.9351055908204]",152.761,29.141954
