median,q99.0,max,min
89.65107,"[60.06195960998535, 111.88805191040039]",113.84912,54.50193
